23.5;17.15;8.5;3.06;2.99;0.01;0.01;1;4;8.88;21.12;25.52;26.23;22.84;23.52;23.6;27.99;40;43.44;40.21;35.88;31.3;28.7;23.2
18.32;15.56;10.01;4.86;6.99;17.81;39.16;51.8;52.81;54.07;50.9;52.13;52.6;47.6;46.67;46.1;47.9;57.02;59.7;52.1;48.9;41.72;41.75;33.83
30.12;20.34;15.42;12.74;15.87;23.37;35.56;43.64;46.27;45.86;47.67;45.34;43.27;41.27;38.65;40.59;43.39;47.23;46.35;42.37;41.47;36;33.19;22.21
12.44;6.08;9;7;7;15.47;37.8;47.81;47;46.72;46.79;46.26;43.59;42.34;42.12;42.01;44.36;50.35;52.11;48.48;43.82;37.05;35.66;28.82
12.3;2.71;0.01;0.01;1.57;10.42;22.04;36.74;43.35;44.68;44.8;46.98;45.47;45.62;43;41;43.17;51.99;52.4;46;41.3;34.3;32.99;19.43
9.28;1;0.01;0.01;0.01;10;23.78;39.22;42.5;44.02;44.24;45.5;45.19;42.37;41.86;42.3;46.43;57.76;58.95;51.51;47.9;42.49;37.71;29.89
32.62;25.89;18.84;14;11;15;16;27.54;34.99;39.97;43.43;43.7;41.5;39.12;37.36;37.01;40.25;48.1;51.36;44.27;38.03;33.1;32.71;26.29
18;14.05;7.93;0.99;0.99;4.47;3;10.93;12.38;29.7;35.24;40.4;38.29;33.7;31.85;31.9;37.09;46;53;51.5;50.04;43.6;42.79;35.98
34.32;31.68;30.26;28.75;28.75;35.6;45.53;52;60.24;59;57.54;55.63;54.06;51.83;50.72;50.49;53.85;62.56;65.59;56.48;54.74;46.74;42.72;35.8
30.99;28.44;27.05;24.76;26;35.11;43.34;55.08;53.17;53.37;53.27;52.62;52.35;52.47;51.99;51.74;55;63.9;67.11;60.2;54.39;48.89;46.01;41.9
39;37.13;34.69;33.25;32;36.12;40.96;48.89;51.54;50.88;51.1;50.39;50.53;51.53;50.85;50;52.69;59.75;60.42;53.96;49.64;42.89;41.14;35.32
37.43;32.44;28.1;24.18;24.41;30.43;37.51;45.93;48.93;46.15;45.37;45.5;44.43;43;42.43;42.43;44.06;50.75;55.72;49.92;44.94;39.68;40.21;35.19
35.97;29.12;26.74;24.77;27.7;34.19;42.96;49.78;53.93;52.6;50.3;48.57;47.13;45.69;44.7;45.66;48.33;58.3;57.02;52.4;49.61;45.58;45.54;41.85
33.92;29.5;29.1;27.75;28.61;29.29;33.19;38.95;42.25;47.89;50.19;49.8;47.57;45.05;42.26;44.01;50;58.59;62.4;55.61;53.59;48.51;49.61;46.4
42.68;39.62;35.68;33.18;32.01;31.32;27.29;30.63;35.07;40.61;45.42;48.14;46.17;43.31;40.33;40.79;46.68;54.68;59.71;59.68;56.17;51.03;53.67;44.93
41.5;39.48;36.29;34.28;34.48;39;50.41;61.78;65.95;63.01;58.56;58.66;57.16;55.89;54.59;56.94;61.86;79.99;84.11;69.93;61.85;53.59;50.9;44.2
42.18;39.31;38;35.76;35.68;38.58;46.55;59;61.34;59.69;57.93;56.12;55.01;52.74;52.33;52.43;55.43;64.18;73.18;64.18;55.18;48.1;47.69;44
42.78;40.43;38.43;37.33;37.04;39.5;43.39;55;57.36;56.2;53.25;51.53;49.15;47.73;46.54;46.93;49.01;54.71;54.19;49.56;46.43;39.93;38.93;34.74
34.21;30.95;28.5;28.2;28.5;32.8;39.9;51.25;52.93;53.48;51.99;51.61;48.73;48.58;46;45.57;44.68;52.2;57.03;49.01;46.9;43.23;41.5;36.36
30.42;26.7;24.92;23.92;24.44;31.01;39.12;47;48.27;48.42;46.8;47;45.16;44.42;42.75;42.92;44.87;54.5;58.12;53.5;49;44.86;44.64;40.5
41.41;37.6;34.61;31.52;30.9;30.4;30.6;34.18;36.09;39.65;41.9;41.85;40.56;37.93;35.9;34.27;36.19;41.65;43.75;38;31.74;27.99;28.54;18.88
0.34;0.01;0.01;0.01;0.01;0.01;0.01;0.01;5;17.19;24.51;32.24;33.5;25.84;20.48;21.25;25;39.81;45.78;45.41;47.18;41.01;41.02;30.77
29.5;26.5;24.64;22.87;25.01;29.5;42.26;54.24;55.99;53.41;51;50.6;50.02;48.15;45.78;45.32;47.92;56.06;61.1;55.64;52.5;47.3;47.19;43.01
39.79;38.43;36.93;35;35.36;38.01;44;51.87;56.99;54.17;52.11;51.98;50.7;50.15;49;48.43;50.97;57.75;63.89;55.83;50.7;44.71;45;41.67
42.93;41.32;39.3;38.2;38.3;40.11;45.2;54.5;58.11;57.11;53.93;53.64;51.93;50.74;48.68;48.06;50.93;57.68;60.23;54;49.12;45.19;44.5;40.43
40.37;37.8;35.9;33.92;32.99;35.65;41.01;50.78;54.27;51.88;47.85;44.99;42.9;41.39;42.06;42.72;45.16;54.58;57.97;50.27;45.65;42.44;42.33;39.57
38.55;37;35.9;34.22;34.36;37.47;42.07;54.87;56.11;54.67;52.85;52.4;51.1;49.32;47.37;47.52;50.14;59.6;63.8;55.89;50.34;45.93;46.23;42.8
45.05;41.52;41.21;38.2;36.71;36.42;38.5;41.72;44.04;48.94;49.96;51;50.23;47.85;45.85;45.51;47.01;55.05;61.6;52.9;48.95;43.88;45.79;40.01
42.67;39.24;38.56;36.48;34.52;33.52;26.91;30.52;35.92;40.45;44.41;46.89;46.4;41.77;39.99;38.39;40.25;50.81;58.41;56.62;49.69;44.58;44.2;41.63
41.35;39.15;37;34.43;33.56;39.52;47.01;58;60.46;59.23;56.01;56.17;54.68;53.72;51.34;52.01;54.41;63.91;68.99;61.21;53.55;49.23;48.45;44.75
41.38;40.41;38.71;36.94;36.7;39.85;45.79;55.67;58.1;56.73;54.04;52.88;51.78;49.78;49.03;49.19;51.54;63.35;67.31;59.82;50.94;46.47;46.08;43
45.1;43;42.14;40.38;41.58;43.89;50.5;61.09;64.68;63.16;57;55.16;53.56;52.3;51.69;52.41;54.59;65.48;77;63.92;53.4;49.43;49.31;46.04
45.09;42.93;41.41;41.28;42.29;45.93;51.06;62.81;69.5;69.04;67.64;66.99;65.46;60.26;56.1;56.61;60.98;80.84;103.4;76.37;61;53.17;50.43;45.38
49.68;46;44.63;45.23;45.02;47.59;53;95.4;119.69;96.15;87.51;82.27;72.61;62.93;58.93;58.93;59.03;78.93;114.99;92.02;67.42;53.59;51.55;45.93
49.68;46.8;44.99;43.2;42.48;42.82;45.68;49.78;54.58;58.04;58.85;59.54;57.58;53.99;50.44;50.18;54.55;69.22;74.75;66.25;56.38;49.61;50.39;46.76
42.93;39.5;39.5;38.54;37.74;36.25;35;38.23;44;46.43;50.05;53.18;52.75;46.82;45;42.43;44.61;59.63;71.28;65.43;57.2;46.43;50.01;43.95
42.86;41.13;39.72;39.22;40.9;42.4;53.36;98;116.63;93.18;82.52;78.32;70.11;64.47;59.18;58.68;76.34;110.68;153.58;104.26;70.44;53.76;52.24;43.93
51.3;45.8;44.8;43.27;45.74;47.2;57;100;110.26;115.6;114.47;102;82.82;76.9;75.88;71.8;80;100;121.39;92.5;77.23;55.43;52.43;44.6
50.63;48.03;43.93;42.69;43.93;45.93;64.66;114.7;109.7;108.47;99.5;97.99;90.01;87;72.15;75.6;83.9;125;175.74;147.67;105;72.86;69.05;53.74
52.89;50.33;47.5;45.5;46.43;48.32;65;116.73;126.8;115.1;107.25;94.28;86.81;85;85;87.8;94.98;122.9;146.06;120;103.94;83.9;70.4;53
52.33;49;44.07;42.9;43.3;47.07;65.6;130;135.3;122.88;114;101.01;94.18;80.43;77.72;79.75;85.6;116.16;165.15;123.8;88.06;65.99;64.15;50.93
51.9;47.2;45.7;45.14;44.6;44.6;46.11;50.11;54;57;59.17;56.35;54.99;51.11;47.76;48.44;54.62;70.67;98.41;70.37;57.51;51;50.84;46.3
44.16;40.59;40.14;38.34;37.12;36.1;34.51;37.06;42.47;46.52;46.33;48.93;48.05;42.68;43.49;41.11;44.67;54.66;64.54;64.13;57.2;48.89;50.77;43.79
43.9;40.72;38.99;38;39;45.11;54.4;108.52;105.05;105.42;109.18;100.01;81.99;76.81;68.04;66.46;74.28;93.99;126.3;92.85;75.83;55.01;52.21;41.93
47.02;43.2;41.33;40.8;41.4;43.46;55.01;84.97;100;103.16;102.42;99.5;92.76;82.25;70.52;67.43;68.17;86.32;106;77.47;59.6;50.07;47.17;40.07
31.67;28.36;21.54;17.16;18.67;26.61;37.39;44.07;50.04;50.51;50.29;49.22;46.28;46.5;45.09;44.7;48.1;53;64.22;58;51.04;47.4;45.55;40
38.68;38.43;37.01;36.75;38.26;42.5;52.93;68;71.99;72.75;69.99;64.7;61.1;58.67;57;55.5;57.99;67.93;86;71.43;53.93;46.34;42.48;37.25
38.7;37.1;34.11;33.57;33.6;38.36;42.6;53.8;57.73;57.01;55.88;55.88;53.88;50.01;48.19;45.7;48.95;61;75.11;60.28;50.6;45.5;47.06;41.78
42;38.61;38.09;37.01;36.27;36.72;34.13;34.6;39.76;43.93;47.7;46.4;43.2;39.9;35.9;37.21;37.78;43.49;50.61;43.72;38.55;35.27;34.62;26.44
32.67;25.18;19.24;16.25;13.98;15.34;18;21.3;25;34.32;38.36;40.88;39.44;30.93;25.51;26.48;31.19;39.68;52.08;57.04;51;47.92;48.01;41.06
37.46;34.39;33.31;31.95;33.58;36.91;43.99;45.5;55.34;54.99;53.99;51.07;47.6;46;43.3;42.84;45.76;54.24;69.4;62.8;50.01;46.12;44.45;38.98
35.43;32.05;29.99;29.54;29.7;33.93;41.4;48.89;49.99;48.61;47.5;44.29;41.64;42.95;42.36;45;48.35;56.23;70.43;64.17;53.56;48.9;44.69;40.8
41.83;38.46;36.85;36.06;36.09;41.12;43.75;49.75;57.43;54.93;49.42;44;39.72;39;38;40.93;42.01;48;58.26;54.75;43.43;38.79;35;27.77
26.7;18.05;14.61;13.09;15.54;21.5;35.51;45;47.72;49.36;51;51.15;46.56;45.65;45;46.28;46.5;54.92;63.5;58.5;47.6;46.8;44.28;35.94
29.4;25.43;24.31;24.1;25.74;30.01;37.81;47.72;51.65;51.48;50.52;49.43;44.43;42.31;40.46;41.43;42.24;49.43;56.94;52.66;45.22;39.98;38.43;34.59
36.67;32.54;29.9;28.44;28.44;30.01;34.47;39.07;41.85;43.99;44.61;43.14;40.01;36.25;34.4;34.69;36.93;44.6;54.4;49.15;46.67;41.3;42;37.43
35.12;32.49;28.98;28.27;28.21;29.18;28.73;33.04;34.73;41.53;45.01;47.52;44.2;38.4;37.2;37.06;38.04;47.59;60.95;59.81;49.52;44.32;45.26;38.9
39.74;37.66;35.56;35.18;35.89;39.44;44.74;62.25;58.67;57.26;54.72;55.58;53.44;53.86;52.81;53.28;53.26;58.62;75.46;66.01;56.12;50;47.63;40.75
37.99;35.24;34.6;33.55;33.51;35.12;44.35;54.2;55.9;54.8;54.93;54.93;51.57;49.98;47.9;46.15;44.96;47.56;54.89;52;48.51;44.64;41;37.29
38.68;35.76;34.28;34.19;33.96;39.11;46.89;56.57;63.11;61.11;56.9;56.66;55.84;53.6;50.84;49.71;49.9;55.01;64.84;64.45;53;48.54;46.49;40.99
42.28;38.94;37.01;35.75;36.25;39.25;45.3;53.28;59.99;58.78;55.2;53.01;51.1;48.92;46.5;45.49;45;52.13;60.34;62.52;51.47;49.01;49;41.5
39.43;36.4;34.43;32.83;34.97;39.43;47.3;55.44;59.01;59.8;54.99;53.53;50.01;46.43;44.93;44.89;45.5;51.26;57.25;59.38;52;46.5;46.3;42.01
42.95;39;37.45;36.6;35.99;35.69;36.17;39.1;40.76;45.8;46.08;44.02;39.24;37.02;36.6;36.78;39.99;45.39;54.01;53.38;46.3;41.27;44.05;38.69
35.75;32;29.05;28.27;27.86;27.86;28.08;31.19;32.69;37.81;40.3;44.64;44.7;38.94;35.4;35;35.58;43.33;53.5;56.14;51.3;46.04;46.36;39.41
37.81;34.67;33.62;32.56;34.01;37.3;49.17;57.85;59.76;58;53.43;52.09;49.79;49.56;46.86;45.86;46.29;52.51;64.61;65.8;56.2;51.7;50.69;44.08
39.33;38.01;36.91;35.4;36.2;39.45;47.1;54.85;58;55.44;47.79;45;43.76;43.94;44.98;46.81;48.68;54.63;67.73;73.2;57.03;49.66;47.64;40.45
42.32;40.65;40.18;38.44;38.4;42.41;51.23;56.38;56;50.88;41.5;40.71;39.64;40.58;41.97;43.32;44.11;49.68;57.19;58.35;46.4;42.34;41.2;36.05
34.8;33.2;31.83;30.3;32.2;35.05;43;49.85;51.6;48.51;42.92;40.5;38.85;42.9;40.65;40.94;44.25;51.72;65.43;70.11;54.4;49.02;47.44;43.69
41.7;39.65;38.3;37.32;37.76;43.15;50.5;60.1;61.37;55.91;50.19;44.61;40.49;40.48;41.6;42.73;42.75;49.08;59.83;63.35;48.4;44.74;43.49;39.84
40.53;38.1;36.15;36;35.8;35.4;36;40.88;43.69;45.51;46;43.9;40.2;37.03;36.4;37.64;38.79;45.7;56;57.5;50.01;42.01;43.77;36.54
31.93;27.8;26.37;24.51;24.85;25.33;23.83;25.52;31;37.5;40.95;44.84;43.79;36.86;33.81;32.93;32.07;39.22;50.4;54.12;49.67;43.67;43.9;36.76
34.6;31.55;29.18;28.42;29.33;34.14;45;54.45;56.18;53.03;50.17;48.92;45.47;43.57;43.31;45.04;44.09;48.65;58.99;68.26;52.38;48;46;42
37.28;35.14;34;34;35;37.58;45.88;56.09;56.78;54.59;53.01;52.38;48.75;47;44.75;43.8;42.18;49.66;59.85;69.89;53.13;49.75;47.61;38.5
38.45;37.26;35.91;34.75;34.84;39;46.76;55.24;56.68;52.82;49.28;46;44.57;43.91;42.34;42.61;43.76;50.65;59.42;78.81;59.48;49.93;48.2;41.38
39.19;36.75;35.5;34.28;35.04;38.23;46.54;53.5;55.27;50.63;45.47;44.4;42.43;42.61;41.98;42.4;43.04;47.55;56.2;74.64;54.82;46;46.16;40.76
36.36;35;34.7;32.7;32.87;35.4;43.1;52.58;54.52;49.9;43.9;40.67;39.54;39.31;39.9;40;39.13;47;54.94;64.38;51.69;43.56;42.71;37.61
37.49;35.6;34.85;35;33.25;33.81;33.99;36.02;38.11;39.29;40.19;37.73;35.1;33.6;32.35;34.61;35.86;42.6;50.95;56.03;50.01;42.75;41.9;36.36
32.63;26.15;24.85;24.01;23.65;23.77;22.13;24.15;27.85;31.91;35.6;37.39;33.14;29;26.42;26.37;28.21;35.6;47.88;56.36;50.51;43.74;45.13;35.6
34.43;30.89;29.4;27.57;28.35;32.85;42.68;54;57.34;55.99;50.62;49.72;47.95;46.49;44.93;45.24;45.75;50.33;59.18;77.82;58.09;48.51;47.55;39.65
38.49;36.36;34.43;33.41;33.33;37.16;48;54.5;54;48.6;43.07;40.46;40.01;40.98;39.96;40.78;41.95;47.22;60.31;83.16;57.37;47.5;46.69;39.72
36.08;34.3;33;32.29;33.16;36.74;46.6;56.79;53.28;49.51;45;41.89;40.1;41.26;42.1;44.37;44.82;49.15;60.71;83.83;60.69;48.71;44.01;38.58
36.18;34.93;33;32.39;32.43;36.4;45.41;56.16;53.75;46.78;40.81;39.01;39.01;39.01;39.17;42.43;42.74;47.4;56.43;83.4;58.93;48.76;45.47;37.93
38.37;37.01;35.19;32.79;33.43;37.93;47.8;54.01;55.01;48.16;42.83;41.87;41.48;40.99;40;41.27;41.73;44.6;53.33;65.51;53.63;44.93;43.43;38.41
37.22;35.07;30.18;29.67;27.8;30.16;32.1;35.18;36.39;38.94;39.7;38.71;35.68;34.18;32;34.18;35.62;40.14;49.94;55.29;48.8;40.42;41.12;35.65
29.9;26.8;;22.2;21.08;20.03;19.93;21.97;23.86;27.3;30.8;32.06;29.41;26;21.6;20.01;21.79;26.79;39.8;49.4;52.11;42.96;39;33.9
28.3;24.9;21.8;18.7;21.1;29.8;46.7;50.5;57;50.79;45.88;42.62;40.79;40.11;40.08;41.3;40.28;42.21;49;59.5;59;47.6;42.54;36.18
33.53;31.07;27.43;26.52;28;30.43;47;57;58.01;54.33;45;41.84;39.88;38.12;36.2;35.8;35.8;39.1;42.58;49.43;55.66;46.77;41.4;37.17
35.33;29.71;26;24.5;26;33.6;43.29;54.93;56.3;50.91;45;41.14;37.04;35.01;31.83;32.18;34.46;35.94;40.2;45.4;47.76;39;36.33;28.9
25.2;19.46;14.71;12.6;13.79;23.15;38;46.01;49.17;47.87;41;38.92;36.08;33.93;31.37;28.88;30.88;32.88;38.88;43.16;44.23;41.24;39.04;33.51
24.7;20.6;18.22;17.26;17.58;25.79;37.95;48.9;49.9;50.2;47.2;47.14;43.2;40;38.93;36.96;36.61;38.28;42.68;46.43;48.81;44.77;41.98;31.44
23.54;16.93;10.08;8.5;6.76;12.18;18.09;24.22;25.52;30.23;31.57;32.46;26.78;23.01;20.01;21.01;25.2;32.31;41.61;49.22;49.32;43.25;44.23;38.2
29.9;23.99;23.5;21.97;20.4;21.21;18.72;23.62;22.55;28.01;31.45;29.43;25.2;13.1;11.5;10.61;18;26.04;35.81;43.6;48.41;40.1;38.81;30
24.16;20.93;18.51;15.43;16.45;26.01;42.85;52.03;51.53;49.2;45.09;44.2;40.48;37.77;36.42;36.4;37.06;43.43;46.85;55.3;61.01;51.57;45.26;38.17
38.04;34.78;34.7;32.83;33.04;37.67;50.45;56.65;70.89;66.1;55.15;51.54;51.55;50.45;47.38;45.7;45;47.02;49.08;54.72;51.65;50.5;49.36;43.3
39.35;35.53;33.49;30.5;30.18;34.93;46.26;55.05;57.4;54.04;53.02;52.1;49.95;48.67;48.28;48;46.27;48.24;52.42;56.08;56.6;51.75;48.98;42.67
40.08;37.2;35;33.51;34.5;37.71;48.17;56.91;62.11;62.85;62.06;61.11;55.11;52.75;47.85;47.2;44.89;47.98;52.55;54.56;60.49;54.16;50.33;42.99
39.4;36.03;32.82;29.54;29.98;30.82;31.68;35.33;41.02;43.49;43.78;44.32;41.22;33.56;31.86;30.07;31.24;36.18;41.01;47.34;47.68;44.4;45.37;37.92
33.35;29.12;24.23;22.69;21.13;22.8;24.6;29.21;34.28;41;41.39;40.51;40.01;32.9;27.47;26.67;26.28;32.4;39.23;45.05;48.62;43.48;41.2;36.33
29.71;25.64;21.24;19;17.16;16.19;17;20.97;25.41;28.46;33.36;36.02;32.9;20.53;15.57;12.9;18.4;25.81;30;38.64;49.24;40.96;40.33;32.55
26.6;22;17.5;15.74;9.46;11.55;13.52;21.35;23.8;28.54;32.31;33.42;30.55;23.18;17.9;16.9;18.9;24.3;35.3;42.37;46.69;43.68;41.78;35.43
21.47;15.69;9.42;9.04;9.41;14.99;43.47;56.25;57.99;57.15;53.31;51.79;47.48;44.98;44.27;41.82;41.63;45.99;51.05;57.91;64.61;57.96;48.07;39.11
41.79;37.81;34.25;33.35;33.73;37.5;49.15;58;65.03;63.63;60.44;61.6;59.61;54.97;51.78;50.86;48.57;50.8;56.97;59.73;65.43;58.6;53.39;45.95
43.31;41;38.87;37.5;38.13;41.21;53.36;62.53;80;77.49;61.1;58.13;51.4;49.74;47;46.78;45.88;49.07;56.45;58.13;63.63;56.11;54.02;50.01
44.28;40.09;39.14;38.01;37.5;41.61;55.11;61.2;68.13;66.96;61.08;61.54;54.68;50.71;48.05;46.4;44.01;46.68;52.64;55.35;59.21;56.29;53;47.5
47.5;43.64;40.39;38.18;37.88;38.43;42;47;48.13;53.65;52.19;49.86;47;41.4;38.04;36.93;37.27;42.13;48;51;53.82;49.93;49.46;46.21
34.6;31.02;29.87;27.32;27.3;27.53;26.61;28.95;31.99;36.05;38.62;38.36;34.73;30.91;26.81;25.39;25.3;28.91;34.13;39;52.7;45.79;46.83;41.36
35;30.93;27.59;27.89;27.93;32.93;47.57;57.82;66.33;64.39;61.43;59.61;56.93;52.01;47.71;45.73;44.54;46.05;56.93;59.43;65.56;61.68;55.43;49.43
41.71;39.57;38;37.16;37.27;40.76;49.54;69.33;71.11;63.71;51.64;48.73;42.38;40.53;41.04;41.03;43.39;46.17;55.21;59.93;62.84;59.65;50;45.1
37.73;36.36;36.43;35.36;35.43;40.01;50;66.66;69.99;64.93;61.44;57.52;53.1;49.55;45.4;45.92;45;48.67;57.87;60.4;57.99;57.8;47.29;41.93
37.98;36.47;34.5;33.26;33.6;37.2;46.68;59.43;68.02;62.43;58.93;54.24;48.93;46.9;46.01;45.68;45.44;49.1;58.81;63.5;61.43;57.1;51.43;45.88
44.43;41.56;40.17;39.01;39.01;43.43;53.45;69.35;77.21;72.11;70.11;63.01;60.5;51.77;47.43;45.15;44.33;47.61;55.32;58.43;60.41;56.23;51.13;44.61
44.04;39.89;38.32;36.2;35.51;36.64;38.5;41.49;44.54;47.24;47.9;46.71;45.23;38.6;35.09;33.5;32.91;37.3;44.27;48.27;50.8;49;49.68;43.95
40.43;33.5;30.36;28.8;27.59;27.9;28.2;29.11;29.3;33.32;34.41;36.21;35.7;29.87;26.03;24.47;25.43;29.41;36.43;44.61;50;49.07;50.45;42.47
35.8;32.43;30.01;29.07;29.84;36.99;48.98;62.93;66.93;62.43;58;55.1;51.61;48;45.93;44.93;44.17;46.76;56.85;61.22;62.99;57.96;51.8;43.43
43.4;39.4;36.9;35.61;35.64;40.36;57.7;64.8;70;70;68.9;68.1;63.25;58.8;52.3;48.8;46.99;49.4;57.95;60.12;59.17;55.54;50.88;42.8
39.68;36.2;34.42;33.78;33.81;36.6;43.43;55.17;57;54.6;49.19;46.75;44.68;43.38;42.53;42.9;41.58;43.92;50.5;53;53.5;49.93;47.84;39.86
33.85;31.01;28.4;27.14;26.86;30.93;41.41;50;55.21;49.93;46.93;45.93;42.2;40.2;39.5;39.01;40.2;43.85;47.6;51.93;53.62;49.6;46.35;41.43
38.05;34.43;32.43;31.15;31.01;35.46;41.49;50.05;57.55;50.37;45.86;40.9;38.93;39.7;37.85;37.75;38.68;43.8;50.73;54.93;57.01;57.93;50.21;43.93
44.91;39.16;36;33.51;32.66;33.39;33.7;39.12;42;43.46;42.42;42.42;37.55;34;33.31;33.47;33.37;35.57;39.86;41.5;45.52;43.81;43.57;37.3
28.81;23.5;19.29;15.54;14.99;14.99;13.99;16;18.25;25;29.57;31.8;31.42;23.88;20.89;19.44;20.55;24.6;33.75;41.11;47.5;46.67;47.36;36.23
33.21;28.43;26.43;24.8;24.68;31.93;45.5;48.65;54.5;49.43;45.43;43.93;40.66;39.43;39.18;38.77;39.43;41.43;45.6;47.2;55.15;50.65;46.36;40.86
27.93;24.93;20.93;16.52;16.5;18;20.29;22.93;24.93;25.18;24.32;24.99;25.93;19.32;17.94;18.06;18.08;21.82;31.18;36.82;42.43;42.9;42.73;39.93
35.1;30.18;28.07;27.06;27.42;34.14;47.65;59.65;67.26;65.22;59;53.78;49.66;48.78;45.99;44.78;44.28;46.03;52.46;55.24;62.43;60.15;56.32;47.83
39.32;35.21;35;32.88;33.43;35.51;44.6;60.12;66.12;67.2;66.27;66.2;57.46;56.01;52.03;49.61;47.5;49.6;55.9;56.1;57.26;56.1;52.01;45.43
39.68;36.4;33.17;32.8;32.8;35.68;45.52;57.09;63.17;60.45;53;49.99;44.84;43;41.08;40.93;41.5;44.6;50.89;54.01;54.01;50.68;48.54;41.77
35.99;34.48;31.94;28.53;27.74;28.86;30.43;34.85;41.99;46.8;46.73;45.73;42.31;38.05;35.68;33.49;32.68;34.66;41.29;44.5;46.11;42.51;41.77;35.4
32.34;26.5;24.99;22.43;21.43;21.43;21.89;25;29.43;33.43;36.43;40.43;36.93;32.43;26.93;25.43;26.43;30.43;37.43;40.24;46.93;45.96;46.43;38.43
35.86;30.43;27.93;25.99;27.73;33.99;44.22;55.48;66.52;64.12;59.6;58.1;55.4;54.04;49.18;46.12;45.08;45.93;54.98;54.96;57.41;53.21;50.44;40.93
38.05;35.33;34.03;32.51;32.51;34.2;40.66;45.05;50.48;48.79;44.75;43.82;38.02;37.14;38.1;37.01;37.43;40.9;45.58;48.01;50.67;49.7;45.88;37.35
32.96;31.93;29.4;28.7;29.17;32.37;42.5;53.8;58.43;57.93;57.03;56.92;52.13;49.45;48.33;46.21;44.8;45.8;50;51.6;51.67;50.87;47.5;38.86
38.45;35.66;33.41;32.5;33.1;35.43;46.76;56.4;59.01;56.07;47.83;45.34;42.09;41.93;39.43;39.41;41.58;45.8;49.64;50.33;50.01;47.9;44.93;40.48
33.66;29.8;28.68;24;26.43;31.43;41.93;49.16;54.17;48.33;44.25;40.93;38.93;36.42;33.9;35.28;34.88;39.33;42.94;45.01;46;43.46;41.93;32.61
31.96;27.87;25;20.88;19.88;20.88;26;29.85;30.96;35.4;35.43;33.75;28.6;20.56;19.93;19.89;20.35;25.49;32.57;36.61;39.93;41.31;41.88;34.58
31.03;26.3;23.6;20.25;18.93;19.5;22.87;23;20.97;23.83;28;32.01;35.11;23.29;21.72;19.95;22.01;27.42;35.62;40.4;46.86;47.49;47.22;38.6
36.2;33.6;30.65;25.83;26.38;30.53;43.28;50.93;52.41;51.61;49.4;48.3;45.5;42.32;41.15;40.05;44.74;47.71;51.06;53.43;53.47;52.34;49.43;43.21
38;35;33.44;31.76;32.96;36.2;47.66;55.25;62.95;56.03;55.8;53.95;51.3;47.95;44.53;45.33;43.22;48.71;52.03;54.03;51.47;53.8;50.12;41.6
38.2;35.43;32.82;31.13;32;34.58;44.7;49.11;56.18;54.6;51.92;51;44.3;42.99;40.2;39.52;38.93;41.68;44.5;47.38;46.65;46.43;45.43;37.51
32.09;27.5;25.1;23.3;22.4;22.43;20.8;19.43;26.4;29.58;29.4;28.01;26.83;21.3;17.9;17.9;21.43;28.6;32.63;38;44.01;43;44.1;35.03
30.76;27.93;26.81;21.81;24.23;29.93;40.43;49.8;51.8;50.98;49.99;48.87;45.98;43;40.7;39.58;40;41.87;46.78;48.43;49.43;48.8;50.93;41.22
36.16;31.86;30.65;29.93;29.43;29.52;32.57;34.89;40.59;44.07;42.96;39.6;37.4;32.93;29.58;29.6;31.3;34;38.57;42.72;43;43.43;41.43;34.16
31.74;26.55;24;22.43;21.93;21.67;21.43;23.93;25.4;27.93;27.65;28.93;27.43;20.88;20.16;19.81;20.88;26.43;32.46;37.61;39.7;42.25;41.94;34.52
34.93;29.61;25.74;24.4;23.8;28.93;41.96;50.93;58.43;55;52.84;50.86;48;45.8;45.43;44.43;42.28;45.86;48.93;50.43;50;47;45;37.81
33.73;30.16;26.93;24.43;25.23;29.59;40.21;50.9;54.35;53.67;53.08;52.92;48.21;45.1;44.2;42.93;42.83;44.85;48.7;49.93;49.6;46.69;45.29;36.41
35.82;31.44;28.43;26.01;26.9;31.43;40.98;51.37;53.3;52.3;51.71;51.78;47.9;44.8;44.11;43.3;43.5;46.38;48.32;48.6;47.54;46.49;44.05;35.93
33.53;31.8;29.52;24.3;26.88;30.6;40.43;48.85;53.43;53;51.12;46.93;44.5;41.3;38.96;38.57;38.18;40.99;44.68;45.36;45.78;43.9;42.55;36.76
34.93;33.11;30.71;27.48;27.93;32.42;40.93;52.91;55.85;54.43;51.54;48;44.84;39.9;37.68;37.37;37.9;41.27;44.2;45.25;45.7;43.68;43.14;37.68
32.26;29.83;28.51;26.9;27.18;27.84;27.93;29.88;33.93;36.68;36.43;36.11;33.68;30.37;27.85;27.75;27.5;31.8;36.07;40.2;40.2;39.38;39.43;34.68
24.93;19.01;14.93;12.43;11.38;10.48;11.21;15.93;20.92;23.79;25.89;26.93;25.59;19.93;17.14;17.9;19.01;21.43;27.43;33.59;39.12;41.93;40.93;30.27
24.53;20.51;16.84;14.6;14.26;16.37;17.8;19.07;20.88;27.24;28.01;29.5;27.06;22.93;20.7;19.41;20.16;23.15;29.96;34.01;41.87;43.34;42.5;35.44
27.18;22.45;19.38;15.37;15.28;21.85;39.09;52.18;56.43;55.93;52.49;52.14;48.43;47;42.5;41.41;40.37;43.93;47.82;48.11;49.68;47.63;46.43;39
37.55;33.95;31.43;29.93;30.25;32.43;42.45;53.05;60.55;56.79;53.3;52.85;48.99;45.9;44.43;43.9;44.99;47.93;51.82;53.43;51.43;49.28;48.09;41.97
37.43;33.14;31.93;30.8;30.93;34.3;42.37;51.85;57.11;58.09;58.6;59.74;54.93;52.44;51.1;50.74;48.01;50;51.93;51.37;48.86;48.9;47.93;40.96
38;33.92;30.78;29.01;28.46;31.85;39.4;48.87;54.61;54;50.01;48.44;45.81;41.42;39.72;37.9;37.57;39.22;41.81;44.12;42;43;43.6;38.01
34.22;29.3;26.65;25.04;24.9;24.9;24.61;28.17;32.16;34.85;33.18;32.91;28.97;24.93;22.5;21.69;21.99;25.67;32.92;35.43;41.9;42.94;44.12;36.24
29.52;23.93;20.93;18.93;17.93;17.43;17.93;21.93;22.93;26.93;28.38;29.79;29.43;27.32;24.77;24.16;21.94;24.43;29.5;35.93;39.11;39.96;40.93;33.93
33.93;26.99;24.93;22.05;23.24;28.21;39.59;51.52;57.76;59;58.5;59.43;57.17;56.18;52.51;49.93;48;48.5;50.66;52.51;51.93;49.93;48.68;40.93
33.4;30.3;28.55;27.01;26.93;29.3;39.86;47.9;54.75;55.88;55.9;56.15;52.9;51.93;48.53;46.42;44.43;47;50.48;52.43;50.18;48.94;46.61;40.66
37.68;34.38;30.81;28.73;27.98;32.43;40.82;51.41;58.18;58.1;61.6;63.21;58.93;54.68;50.71;48.77;47.1;48.93;51.79;55.15;50.01;50.01;49.9;42.78
36.85;33.93;29.93;27.39;27.18;29.23;33.04;38.71;43.1;43.78;44.15;45.6;43.16;38.87;36.78;36.58;35.67;38.54;42.12;43.6;43.48;41.79;43.29;36.43
29.93;25.77;23.34;19.93;19.43;22.71;34.68;45.93;48.89;47.8;45.9;45.96;43.1;38.37;37.2;36.4;36.61;40.8;43.9;45.1;42.6;43.25;44.61;37.93
32.43;27.68;23.43;20.44;17.8;17.8;20.68;26.68;27.9;29.68;29.18;27.87;22.8;18.42;15.5;17.8;22.01;27.88;32.43;37.66;38.12;38.58;40;35.28
28.63;22.24;18.98;15.8;14.93;14.5;14.43;17.2;21.25;25.89;27.43;31.43;31.93;26.81;24.93;25.64;26.01;30.4;35.43;38.93;40.19;41.09;43.2;36.84
32.43;27.93;25.12;23.43;23.93;27.93;38.71;51.39;55.93;55.93;58.41;61.83;57.4;55.09;51.58;47.99;46.33;47.19;50.43;50.93;50;47.36;47.56;38.55
37.06;32.21;30.04;27.77;26.47;30.38;40.4;51.68;58.58;58.43;58.81;60.88;56.46;54.55;52.43;49.43;47.76;48.9;49.43;49.93;48.29;46.63;47.38;41.3
35.43;32.62;32.07;30;30;32.54;42.79;53.2;59.6;60.43;60.7;63.5;61.5;58.81;53.24;51.75;49.43;49.2;51;50.43;48.3;49;49.99;43.43
36.68;34;32.38;30.93;31.18;33.46;43.93;53.16;56.43;56.4;56.42;58.87;54.85;51.36;50.01;49;48;50.72;52.3;52.3;51.44;49.59;49.13;40.8
35.93;31.5;30.12;27.99;28.01;30.03;40.6;50.73;55;55.03;52;51.97;50.18;45.67;43.3;40.91;40.51;43.1;45.68;46.7;45.97;42.7;43.72;36.6
30.79;26.12;22.65;20.27;20.8;20.37;21.29;25.18;31.73;34.04;32.17;31.17;28.68;24.01;20.9;21.92;24.01;29.93;34.27;35.18;38.43;37.29;39.83;34.27
23.6;19.38;15.41;10.93;8.31;7.14;8.14;11.88;17.85;17.88;18.91;21.93;15.88;10.93;8.93;8;16.24;21.2;27.2;33.2;39.1;41.73;45.13;36.04
31.83;27.62;23.73;20.59;21.35;25.47;41.7;53.4;55.1;52.09;50.3;48.16;44.4;41.04;40.68;40.98;41.01;45.6;47.66;48.04;45.9;45.15;45.6;37.76
36.12;33.43;30.2;28;28.21;32.7;40.29;52.1;59.43;58.17;55.9;57.25;54.43;51.93;50.81;49.43;47.51;49;51.43;51.86;51.4;49.55;49.64;40.43
35.3;32.99;32;29.99;30.16;33.5;41.52;54.18;60.45;62.42;66.34;65.94;61.6;58.43;57.68;53.99;51.3;51.82;55.18;54.43;48.54;46.6;49.25;40.02
38.33;35.91;33.43;31.9;32;33.43;42.43;56.11;60.93;61.86;61.55;61.9;58.43;56.93;52.43;50.4;46.7;48.08;49.7;49.68;49.07;45.27;45.93;40.43
32;32;28.5;25.88;26.23;28.93;35.2;44;47.43;45.1;42.6;42.2;39.19;38.03;36.25;35.01;35.93;39.43;41.66;43.18;42.7;41.46;44.93;38.2
34;30.66;26.2;23.5;23.5;23.5;24.43;27.34;31.43;32.8;31.18;29.68;27.68;22.68;20.68;22.7;24.23;29.68;35.4;39.68;39.43;39.77;44.9;37.29
27.93;22.93;19.3;18.03;17.5;15.86;13.53;15.46;20.43;21.17;23.62;25.93;23.93;19.59;17.59;18.49;20;25;29.93;33.93;33.93;34.93;38.21;30.5
27.43;22.43;18.25;14;14.93;20.31;34.64;43.64;53.99;52.12;50.84;50;44.9;42.49;39.93;38.93;38.6;41.43;43.7;46;45.72;44.93;46.68;38.6
28.96;22.99;18.5;16.7;17.8;23.3;36.43;44.33;45.93;44.93;44.1;45.1;42.93;42;39.93;39.93;39.53;44.41;49.14;50.59;48.62;46.9;48;40.43
37.3;34.18;31.11;29.51;29.51;33.43;43;54.59;57.79;60.93;62.43;63.22;60.74;57.93;56.13;55.01;52;54;54.93;52.46;53;48.88;51.38;43.36
41.09;37.39;34.5;32.44;31.68;34.4;44.93;54.05;59.43;59.76;59.1;60.43;58.43;58.08;55.72;52.47;50;52.17;53.63;52.77;50.37;47.3;49.82;43.89
35.4;33;30.62;26.39;27.14;31.05;42.35;51.46;55.93;55.96;54.3;53.79;49.63;46.57;45.86;44.67;44.87;46.4;48.4;48.2;47.8;46.13;48.47;42.18
36.4;34.78;31.01;29.62;26.8;26.93;27.44;32.44;35.87;38.05;38.04;39.23;39.12;33.43;29.4;28.84;28.18;32.71;37.93;40.38;40.43;41.01;43.93;39.61
29.62;24.22;21.25;17.43;17.51;15.64;16.56;18.93;21.83;24.93;26.93;29.09;29;24.34;20.14;19.43;19.46;24.26;30.14;34.43;36.43;39.1;42.3;36.16
33;27.83;24.78;21.09;21.46;27.63;41.8;53.2;59.99;59.64;59.99;64;59.18;59.3;55.93;52.93;50.08;53.25;54.66;54.99;54.1;50.05;51.51;42.35
35.93;32.43;31.28;28.4;27.26;32.11;41.68;53.15;57.19;58.43;59.19;61.63;58.2;57.5;54.69;53.43;50.18;52.68;54.68;52.17;49.96;47.93;49.86;42.99
37.5;35.56;32.62;28.67;27.22;32.92;41.56;52.49;56.43;57.25;56.86;59.18;54.8;54.18;52.41;51.28;50.9;52.05;52.86;52.18;52.39;50;50.93;45.27
35.95;34.36;30.68;26.17;25.07;31.91;39.72;50.02;53.68;54.86;55.3;56.93;54.2;53.09;51.93;51.97;50.19;50.93;52.82;50.93;48.78;45.68;49.43;42.09
36.15;33.49;29.68;24.43;24.18;32;37.66;49;56.68;58.59;58.92;60.56;56.1;54.72;51.18;50;47.27;49.9;51.9;51.53;48.68;46.33;49.7;43.18
41;35;33.18;30.46;28.2;27.44;30.78;36.44;42;45.43;44.35;44.09;41.93;34.12;30.8;30.37;32.51;36.61;42.93;44.43;42.68;41.92;44.93;38.46
29.9;23.4;19.45;17;15;12.85;14.5;17;20.37;23.41;24.43;26.43;26.43;21.52;17.99;19.5;19.43;22.6;31.54;36.64;37.69;41.31;44.8;36.93
29.41;25;21.35;19.43;17.89;21.93;39.43;46.18;53.69;54.61;55.5;56;53.26;51.41;48.3;47.06;45.6;49.18;51.68;52.34;51.06;48.29;49.95;42.73
37.43;32.76;27.93;23.98;24;31.9;41.9;49.8;54.8;56.96;57.16;56.88;54.43;54.72;53.05;52.21;50;51.43;53.68;54.91;52.37;50.93;52.49;43.21
39.18;36.3;33.42;31;32.17;34.93;41.3;50.4;55.8;55.93;55.68;55.9;53.4;51.43;50.84;49.09;48;48.88;49.79;49.9;47.9;47.9;48.88;41.31
36.35;33.79;29.68;26.03;27.18;30.95;36.3;44.5;52.2;52.8;50.46;50.61;47.3;41.6;40.92;39.05;36.36;39.93;46.15;47.56;46.97;46.45;48;40.59
38.55;34.25;31.76;28.11;28.94;33.18;41.9;52.18;59.7;61.12;63.01;63.13;60;55;52.18;52;48;48.56;48.89;49.13;48.58;47;48;40.4
33.68;32.3;28.09;25.72;23.2;22.01;23.56;26.93;31.68;36.7;34;30.5;29.53;18.17;15.12;15.93;18.43;25;30;37.1;36.4;38;38.74;34.33
31.14;21.43;17.38;15.5;13.37;12.19;15.41;17.54;19.96;24.1;26.33;29.9;29.76;23.43;20.68;18.43;15.5;20.93;30.93;36.18;37.93;40.68;44.52;36.8
34.5;26.69;22.01;20.37;20.43;26.01;38.97;49.43;52.93;53.43;52.94;53.43;49.24;46.84;44.4;42.43;39.93;42;46.03;46.36;47.6;45.6;45.73;37.99
35.32;32;29.39;24.9;25.37;31.52;41.09;49.47;56.6;58;58.62;58.93;54.8;51.88;49.91;50.72;47;46.96;47.75;48.3;49.75;46.5;48.86;41.88
38;35.01;29.84;26.82;29;33;40.96;49.6;54.1;56.1;58.1;60.79;56.39;53.31;49.74;48;46;47.72;49.93;49.68;47.93;45.96;48.08;40.81
35.7;33.4;28;23.43;23.75;29.76;38.74;46.05;49.28;49.24;47.5;46.3;41.6;37.95;36.75;37;37.25;37.33;41.4;42.5;41.4;40.32;37.93;35.44
33.85;29.93;25.8;23.2;24.01;30.11;40.48;48.6;50.69;52.66;52.89;53.48;52.75;51.43;48.8;48.07;47.91;48.31;49.4;49.62;48.72;46.93;48.85;43.5
41.4;37.81;34;32.01;29.92;29.27;29.7;34.08;40.1;43;43.64;43.63;41.56;37;34.23;32.46;33.89;38.04;40.43;43;40.25;40.63;42.41;37.67
30.25;24.96;21.7;18.3;18.5;18.18;14.41;17.71;16.99;23.5;27.83;30.8;31.08;24.7;20.72;19.95;19.99;25.28;33.21;37.96;40.93;42.31;45.23;37.59
34.3;27;23.38;18;18.41;24.92;40.6;48.6;52.07;52;51.3;49.9;47.24;45.29;44.37;44;43.47;46.34;49.28;50.73;49.7;47.33;48.62;40.35
37.23;33.84;32;29.3;29.29;33.93;41;49.65;51.5;51.54;49.8;48.35;46.43;45;43;42.79;43.34;47.2;49.93;52.1;51.25;50.1;50.47;44.5
37.96;37.96;34.82;31.93;31.69;36.1;43.43;52.91;53;55.64;56.43;55.23;53.08;50.85;50.43;49.54;50.06;53.93;55.01;54;53.18;52.19;52;44.43
40.95;38.25;35.7;33.42;34.36;36.33;42.93;51.82;55.33;55.64;57.93;57.9;56.1;53.43;51.93;52.12;51.18;54.66;56.72;53.43;52.7;52.7;51.88;44.7
41.32;38.93;36.18;34.66;34.19;36.69;42.45;50.66;54.5;55.1;54.71;55;51.4;48.4;46.36;46.18;48.2;51.18;53.17;52.43;50.22;50;49.93;43.43
41.62;37.18;35.43;32.75;31;30.49;31.08;34.76;37.9;41;42.58;42.96;41.43;35.86;33.43;33.02;33.93;36.38;38.72;38.81;39.55;38.93;41.4;37.77
31.01;26.39;23.1;19.61;17.34;15.22;15.6;16.67;20.3;24.47;28.88;33.31;30.98;25.57;19.28;19.48;21.51;27.3;34.12;38.14;36.34;37.96;42.97;36.53
31.93;29.04;24.93;19.46;21.66;28.69;38.91;47.29;49.2;50.9;51.6;51.93;50.43;46.93;43.93;43.22;44.05;47.31;49.61;49.03;50.43;49.25;48.13;40.2
35.48;33.81;30.9;27.43;27.22;31.79;39.2;50.37;51.04;51.14;52.36;53.04;52.93;52.32;50.18;48.43;46.3;47.53;48.93;48.77;50.43;48.69;48.92;38.95
38.25;35.6;32.61;28.65;29.08;33.43;39.68;48.16;49.18;49.93;48.9;47.93;47.01;44.86;44;43.37;43.93;46.73;48.45;48.57;47.1;46.28;46.43;40.2
35.7;33.21;29.64;24.59;26;30.4;38.42;44.6;48.99;49.57;49.68;50.43;49.38;48.17;47.43;46.44;48.31;50.55;52.68;52.43;50.93;49.93;48.99;43.43
37.49;35.38;31.96;26.93;27.81;32.43;38.81;47.6;51.21;52.07;52.3;53.21;53;50.66;49.5;46.93;44.59;47.64;51.27;51.9;50.22;48.9;48.18;42.54
41.76;38.44;34.56;32.56;31.68;31.01;33.6;36.93;40.26;44.4;43.92;43.64;41.45;37.91;35.9;36.6;38.54;41;43.68;44.61;43.43;43.8;45.79;41.21
37.68;32.93;27.06;22.92;20.93;20.49;20.93;24.06;28.18;31.9;35.18;38.82;38.37;31.27;26.9;24.51;25.52;30.43;39.91;43.2;42.18;43.2;45.93;37.93
35.43;28.07;25.43;20.42;21.98;29.93;39.88;52.93;50.73;53.58;54.27;53.41;51.64;48.43;46.75;44.01;43.38;46;46.93;48.89;48.93;47.89;48.29;39.93
35.92;31.43;26.8;21.77;22.06;30.01;37;43.92;45.43;45.2;45.38;44.18;43.18;41.46;40.13;40.3;40.18;44.43;48.81;49.36;49.64;48.79;48.82;41.87
36.01;31.41;26.93;22.43;24.2;32.21;40.74;49.4;50;51.17;50.76;51.41;50.76;49;48.2;48.4;47.93;49.26;51.76;51.37;51.18;49.8;50.6;44.61
41;36.18;32.68;28.4;28.2;33.08;41.56;49.2;53.18;54.67;54.28;53.82;53.76;51.93;50.76;49.8;48.71;49.35;49.93;49.01;50.01;49.91;50.38;44.18
43.09;37.92;35;32;30.82;35.05;43.26;48.65;51;50.59;51.09;52.21;51.47;48.25;47.66;47.29;45.51;47.43;49.2;49.86;49.76;48.63;48.99;42.43
42.5;39;35.1;33.31;32.2;33.68;34.43;36.17;39.16;43.77;43.73;43.89;43.03;39.11;36.93;35.43;38.3;39.72;43.72;44.57;43.66;43.64;46.48;42.1
37.1;31.63;25.31;22.36;21.48;22.63;19.63;21.01;25.44;28.39;28.99;29.52;26.93;20.93;19.35;18.82;21.01;25.93;35.13;39.99;44.36;47;47.25;41.95
35.16;29.61;27.12;20.87;22.8;30.7;42.93;50.57;51.42;51.22;51.9;52.61;52.8;52.28;50.89;49.87;49.99;51.37;53.21;53.43;52.12;52.22;50.17;43.48
41.6;38.3;35.1;32.37;31.8;37.49;42.74;49.6;53.93;54.08;53.8;53.2;52.93;52.06;51.43;50.43;50.1;54.2;54.2;53.52;52.64;53.54;51.97;45.2
42.35;37.49;34.01;31.54;30.74;35.43;40.93;50.02;48.12;48.2;47.55;46.07;45.23;42.55;40.56;39.68;39.96;43.93;48.33;49.79;49.93;49.41;48.93;43.57
41.1;37.33;34.83;32.03;32.4;37.63;43.93;55.03;58.33;59.28;60.47;62.36;59.83;56.73;54.83;54.81;54.73;56.7;58.31;58.11;56.25;54.53;54;48.03
45.63;40.32;38.13;38.9;37.11;41.76;47.37;56.93;57.33;58.63;58.51;57.87;56.83;54.33;52.95;52.1;51.33;55.3;57.2;57.18;57.58;58.43;57.14;50.73
46.5;43.18;38.29;37.4;37.4;37.4;39.32;42.14;44.43;46.93;47.35;47.9;45.01;39.97;37.4;37.4;41.05;45.27;48.93;50.93;54.6;51.86;49.9;45.4
39.86;32.86;30;30;30;32;32.09;30.56;33.48;39.11;41.27;41.47;40.46;34.95;30.21;30.23;31.5;35.13;44.91;51.99;55.99;56.41;54.95;48.63
40.5;38.1;36.8;36.1;35.4;37.41;50.43;66;64.2;64.2;63.9;63.43;62.43;60.5;57.1;59.9;61.15;63.93;68.3;70;66.43;61.93;58.21;53.43
45.13;42.28;40.01;39;39;42.01;52.18;63;65.74;66.11;68.27;68.39;66.02;64.31;61.38;60.34;59.49;62.36;64.02;65.22;65.56;64.19;58.43;51.52
49.18;42.49;38.98;37.85;37.42;39.18;50;59;63.18;64.43;60.3;58;52.68;49.32;45.31;45.14;48.36;53.43;57.46;59.35;61;59.88;52.41;46.85
43.79;39.6;37.37;37.24;37.6;39.89;46.83;57.1;58.63;58.53;59.81;60.83;59.1;56.38;54.88;54.43;55.01;58;60.88;63.01;65.48;60.48;55.21;49.47
48;42;42.01;39.46;40.53;43.33;55;63.45;74.23;70.76;69.83;74.83;67.95;62.53;58.75;58.43;56;57.7;58.79;61.2;61.21;58.83;55;49.83
46.71;41.44;37.47;35.68;34.25;35;37.43;38.01;41.93;46.85;46.29;44.93;40.33;40;37.5;36.5;37.93;42.35;44.92;45.96;43;41;41;33.57
29.49;21.01;16.65;12.99;12;12;10;15;16.02;21.18;21.18;19.76;17.39;15;9.37;12.11;16.82;25.24;34.68;41.14;44.52;45.02;44.92;37.53
31.23;24.72;22.41;20.05;20.12;27;43.64;52.5;53.43;53.78;54.97;54.99;52.85;50.73;49.59;49.43;50.13;52.93;55.93;57.21;62.61;61.32;57.48;47.87
43.63;40.07;37.6;36.23;35;38.98;49;57.38;56.53;58.36;58.93;59.79;57.61;55.23;55;54.6;55.23;58.98;61.23;62.13;61.23;59.19;55.35;50.21
42.73;41.11;39.4;38.9;37.92;38.71;49.43;56.53;58.88;59.38;59.93;59.83;57.34;54.93;54.43;54.05;54.77;57.99;59.63;60;60.51;58.48;52.33;48
43;40.81;39.6;38.9;38.9;40.31;46.73;56.82;64.88;65.11;64.88;66;61.66;60;57.81;56.2;56.28;57.43;58.22;57.58;57.53;55.5;52;46.65
43;40.61;39;37.41;36.94;38.74;45;55.11;59.5;60.09;62.7;65.5;60.49;57.06;52.33;51.33;48.94;49.89;51.9;51.03;50.63;51.37;47.16;43.07
41.46;39.51;37.69;36;34.53;35.81;36.43;39.98;46.51;49.76;50.68;50.5;49.14;44.93;42.25;39.81;43;46.43;47.71;50.2;49.6;49.2;46.43;38.95
36.26;32.06;26.67;25.01;24.56;24.64;24.03;26.1;31.8;36.27;38.91;41.35;40.4;35.01;31.01;30.62;32.87;38.06;45.32;48.37;49.34;50.01;49.84;41.93
38.74;35.87;34.1;31.29;31.49;37.03;46.13;57.34;59.83;60.48;60.9;60.69;59.32;57.27;55;52.75;53.13;55.08;57.3;56.86;61.03;57.1;50.13;42.03
42.52;39.8;37.23;35.46;36.19;38.93;49.56;56.88;59.86;58.9;58.53;58.49;54.63;53.6;52.23;50.8;51.11;54.03;56.53;57.26;58.98;55.43;48.43;43
39.88;37.92;35.99;34.58;35.01;38.65;47;56.83;58.55;59.93;60;61.76;58.35;55.93;52.93;49.43;50.95;53.22;55.23;55.73;57.1;53.03;46.12;40.23
39.76;37.53;34.93;31.43;34;38.36;45.05;54.25;59.01;58.06;55.43;54.6;51.62;49.01;46.93;46.93;51.14;54;58.13;59.6;59.1;55.79;46.36;39.48
39.65;38.06;34.5;31.41;32.07;37.3;43.78;54;56.23;54.44;51.7;50.11;44.3;40.93;38.33;39.51;43.96;51.03;55.58;57.44;59.75;56;49.07;41.15
42;40.93;37.8;36.75;35.12;36.6;38.37;40.3;42.7;49.18;50.18;48.86;43;36.93;35.24;35.7;38.51;44.8;49.08;54.08;56.94;51.9;49.72;43.4
39.4;34.76;30.64;28.08;26.88;26.89;30.35;31.25;29.74;34.83;35.36;33.32;29.08;24.63;21.08;23.47;27.44;34.24;45.12;48.7;53.81;52.9;49.47;42.01
39.88;36.33;33.18;31.88;33;38.72;51.71;57.75;64;61.73;60;57.49;54.63;53.17;52.16;52.53;54.6;58.54;62.7;64.4;66.37;60.71;51.83;44.8
43.13;40.01;38;36.2;35.25;40;51.53;60.35;62.83;61.62;60.05;60.21;57.43;53.07;53.32;55.49;54.63;57.67;60.28;62.43;63.93;58.46;52.87;45.01
42.64;39.78;38.77;36.37;37.02;41.2;52;63.27;67.43;66.97;66.1;67.58;65.02;63;61.25;60.11;58.77;59.1;61.43;64;65.51;60;55.2;47.26
43.03;39.56;37.66;35.12;35.78;39.79;53.01;63.04;64.1;65.05;63.92;64.59;62.11;60.3;58.59;57.07;57.36;59;63.12;64.53;62.28;58.89;50.05;42.8
39.58;36.35;34.67;30.77;30.53;34.46;44.33;51.25;56.93;53.58;47.05;40.72;36;33.93;33.07;35.36;37.76;44.43;50.73;52.47;53.45;47.73;40.96;35.86
34.57;32.58;29.12;27.33;27.69;29.74;35.35;39.87;45.22;49.99;51.43;50.68;48.4;42.93;39.76;39.93;40.72;45.9;51.72;55.17;55.66;53.06;50.43;45.05
38.88;34.41;29.5;27.15;25.86;27.5;28.14;30.89;30.99;35.03;35;37.43;29.66;25.71;22.88;23.88;29.2;35.86;44.63;51.79;60;55.42;49.89;42.33
39.81;32.2;30.4;28.13;26.71;34.34;49.84;62;63.92;61.68;60.35;59.99;57;55.2;53.97;54.91;57.03;59.19;62.01;64.59;68.55;62.2;55.53;46.63
43.66;37.88;36.9;33.44;33.18;39.01;52.48;61.58;62.64;61.15;60.03;59.92;56.73;55.53;52.26;52.73;54.29;58.56;61.99;64.33;63.3;57.21;51.3;45.18
38.81;37.82;34.85;32.71;33.75;38;53;60.26;66.12;65.34;64.39;62.71;58.95;56.95;54.95;53.95;51.18;55.78;59.61;64;65.03;58.59;53.01;46.16
41;39.21;36.84;34.72;34.83;39.21;52.73;64.01;63.49;61.96;60.24;59.75;56.82;54;53.14;51.49;53.04;58.79;62.33;66.88;65.25;60.01;52.61;46.13
39.93;37.49;35.7;32.67;35.32;37.87;52.83;62.53;61.83;60.53;60.54;58.35;55.32;52.09;48.14;47.63;49.2;55.19;60.26;64.16;63.39;57;51.83;43.79
40.39;38.61;36.82;32.03;30.81;31.93;36.06;41.37;40.93;46.68;47.03;45.18;37.12;30.23;29.22;30.67;32.39;36.79;43.68;49.18;51.68;46.33;42.9;38
35.9;31.36;25.39;20.1;20.87;22.08;24.28;24.69;31.56;38.09;41.51;41.62;38;35.11;31.28;30.65;31.95;36.94;44.66;52;54.36;46.97;41.91;32.76
31.13;24.91;22.78;15.83;15.46;26.18;42.39;52.58;55.48;55.23;54.51;54.92;51.16;47.86;46.02;45.83;44.66;50.43;55.4;59.18;59.96;51.23;43.64;37.17
21.6;21.34;20.91;20.4;22.8;29.9;47;55.53;58.78;57.41;57.11;54.31;49.93;43.64;45.34;45.96;49.43;53.08;59.04;65.01;63.54;52.9;45.9;39.84
35.08;31.7;28.93;25.93;27.83;36.5;53.07;58.52;63.2;62.27;60.35;59.78;54.51;51.7;51.2;52.53;52.3;57.93;61.78;68.43;64.93;55.38;48.6;40.08
38.24;33.33;30.01;26.4;27.07;34.6;45.56;56.5;61.93;59.89;57.29;55.35;46.93;44.43;44.62;47.39;48.84;53.26;57.48;62.43;60.43;49.5;42.93;36.43
32.91;29.93;27.1;23.93;24.76;32.43;45.67;59.68;59.93;58.37;57.02;54.62;50.66;46.93;44.99;46.43;49.43;52.93;59.79;65.1;60.79;51;45.23;38.78
32.27;31.84;30.43;28.58;26.33;29.35;33.75;38.84;43.11;47.69;49.08;48.03;38.41;35.32;31.53;31.78;33.37;39.91;44.97;51.72;53.5;42.66;37.01;32.29
33.33;28.54;24.74;20.5;20;20.48;23.47;26.31;27.67;31.83;33.02;31.56;24.41;22;21.38;20.96;25.48;32.88;44.76;53.94;59.58;49.42;44.55;39.92
30.33;25.44;24.04;21.93;21.82;32.43;47.43;61.93;66.12;62.89;59.73;56.55;52.93;52.22;51.43;51.42;51.7;54.78;60.86;69.5;67.93;52.73;45.28;38.93
36.93;33.17;33;29.8;30.8;37.21;52.18;61.02;64.83;63.43;60.96;60.18;56.18;54.16;52.46;48.93;49.93;52.57;59.8;67.7;65.23;50.04;43.65;36.99
31.9;29.93;25.5;23.5;22.93;24;28;33.22;30.21;30.77;31.18;31.87;31.93;27.93;25.93;25.61;26.93;32.7;38.54;49.43;49.73;39.29;33.43;22.43
24.73;22.02;18.53;14.83;18.11;27.77;42.92;58.32;59.2;59.64;59.08;60.43;57.28;54.89;53.07;50.83;49.93;51.85;56.72;64.81;60.23;47.28;38.13;32.08
35;32.94;30.93;28.89;29.67;36.6;52.85;61.55;66;62.52;58.34;53.13;43.43;35.51;36.8;34.6;36.8;35.8;39.75;46.93;44.75;35.85;34.7;29.75
29.67;27.18;26.25;25.94;23.93;29.02;35.43;41.08;43.8;47.95;49.43;48.73;40.11;35.87;35.49;35.59;37.3;39.93;49.09;56.8;55.83;44.9;38.9;35.28
30.38;24.43;21.62;18.5;17.99;22.1;24.13;27.29;31.38;34.48;37.7;35.93;29.93;25.24;22.13;23.21;24.98;33;40.12;55.09;54.74;43.21;38.88;33.52
32.88;28.93;29.01;28.43;28.93;34.8;50.28;63.8;65;62.84;60.93;60;57.43;57.93;54.93;54.75;51.43;53.43;65.43;84.86;73.19;56.43;48.93;37.43
36.41;34.3;31.67;29.12;30.23;35.87;49.48;56.1;62.43;59.87;54.98;51.04;44.23;39.23;38;38.63;42.11;48.89;57.19;68.53;58.55;51.42;42.4;36.62
36.43;34.93;32.93;31.93;32.43;36.81;49.43;64.24;63.95;64.03;62.57;59.41;56.33;53;52.66;52.22;52.88;55.68;62.85;80.82;65.75;53.93;46.05;38.93
37.51;36.03;34.27;33.25;34.05;37.33;52.13;65.75;63.49;62.06;59.98;57.23;50.13;47.11;47.08;49.05;50.31;54.83;62.77;80.53;62.85;51.99;44.23;35.63
35.4;32.83;31.18;29.09;30;33.52;45.1;60.13;62.11;60.67;57.83;53.63;49.01;44.23;43.73;43.87;44.53;48.03;54.45;63.66;52.43;42.73;39.05;32.35
27.69;27.29;27.08;25.29;25.2;27.99;32.53;35.21;37.02;39.36;38.68;36.43;33.69;31.69;31.99;32.69;35.21;40.94;50.41;56.43;49.95;37.49;34.68;32.43
29.78;25.74;21.71;20.43;18.35;17.33;23.39;28.43;32.04;36.85;39.1;39.43;35.9;30.43;28.78;29.43;32.43;38.93;49.27;57.93;58.76;47.9;42.93;36.69
34.7;32.05;30.05;27.25;28.2;33.93;48.5;65.5;68.16;65.93;64.06;62.73;59.98;56.66;54.99;53.01;52.23;55.41;64.13;83.11;63.48;53.18;45.36;34.99
31.01;28.86;24.44;23.43;23.3;30.93;43.73;55.02;56.2;51.67;47.93;44.28;37.6;36.25;37.43;38.43;39.43;45;59.73;71.85;58.25;46.43;38.57;34.6
33.38;32.88;30.09;28.12;28.6;34.45;45.23;60.43;67.59;59.29;55.96;51.23;44.63;42.3;40.37;41.75;43.67;49.19;59.08;75.58;53.23;40.73;36.4;32.77
32.8;29.63;27.54;24.23;25.33;33.33;45.43;56.04;61.08;55.63;46.71;41.03;37.2;36;35.38;35.53;38.33;45.2;62.6;72.03;51.3;42.99;37.58;33.97
32.14;31.01;29.4;26.64;26.8;31;40.76;56.57;61.53;57.13;48.01;40.93;36.49;35.39;34.91;36.54;37.93;47.54;59.83;71.4;51.01;37.52;35.5;32.4
35.21;34.54;30.99;28.09;30.49;30.55;35.2;39.39;43.49;42.38;40.59;38.18;35.68;34.8;34.49;35.21;38.29;44.93;50.94;61.7;55.43;44.68;41.3;35.42
33.09;27.78;21.86;20.47;20.43;20.5;21.78;26.27;28.6;33.43;36.45;37.2;34.8;29.5;26.56;25.44;27.65;31.43;42.88;53.43;50;39.43;37.2;29.93
31.1;29.54;27.75;25.8;26.82;33.01;46.43;62.1;65.01;62.46;59.22;55.54;47.85;45.9;42.19;42.83;45.99;53.37;62.47;71.17;60.93;46.5;39.18;35.18
37.69;36.27;34.19;33.58;33.98;38.23;54.21;69.05;67.83;66.04;62.5;59.92;53.75;50.86;49.89;49.98;52.26;57.97;66.2;81.59;62.99;55.36;52.22;39.35
37.06;35.36;33.16;32.84;34.96;36.56;50.5;63;72.79;70.09;67.81;64.01;58.08;54.72;52.59;51.8;52.77;58.56;65.07;82.02;59.67;51.18;45.64;36.98
36.84;35.3;33.61;33.06;33.72;36.89;51.5;65;67.37;65.92;63.65;60.34;51.87;48.67;46.37;47.49;48.77;53.89;59.75;64.11;51.63;43.02;38.56;32.77
32.77;32.77;31;29.18;31.47;34.8;52.04;66;71.57;70;70;67.04;62.5;57.8;55.04;53.43;52.43;57.34;65;74.46;59.86;51.76;48.49;39.9
38.38;37.03;35.53;34.19;33.26;33.7;35.59;40.78;45.01;49.08;48.29;46.01;40.75;37.68;36.68;36.41;40.14;46.68;55.1;64.14;53.71;44.4;44.93;37.93
39.52;36.35;34.45;33;32.94;32.39;32.39;34.9;32.37;35.92;38.99;38.73;35.67;33.15;31.65;32.93;38.93;47.11;59.26;59.13;52.88;42.93;38.48;31.93
35.01;33.36;32.26;31.23;31.91;35.76;49.21;65.9;64.62;61.55;57.14;54.66;52.73;53.28;54.03;54.64;57.63;74.93;98.3;103.15;72.34;54.46;49.21;37.99
34.15;33.25;33.75;33.15;33.34;37.11;50.51;66.5;67.95;65.8;65.58;64.7;61.4;58.32;55.62;55.9;65.07;79.51;100.2;85;60.74;52.25;46.12;38.14
36.69;35.56;35.1;34.29;34.48;36.91;47.49;63.68;58.99;56.48;50.41;47.26;42.19;41.42;41.69;48.12;57.28;69.89;81.19;65.15;53.95;45.44;38.96;34.2
33.32;31.25;30.14;30.17;28.93;30.21;34.93;38.22;39.9;42.01;39.79;39.48;36.98;35.19;34.41;35.01;37.7;45.71;49.93;44.83;36.3;34.35;30.93;24.43
30.68;25.68;21.04;19.18;17.18;29.18;35;44.56;47.3;46.68;36.97;35.44;34.01;34.18;36.03;40.43;45.1;55.41;59;49.71;38.68;35;34.18;27.82
27.01;25.34;22.78;19.29;19.39;22.37;29.29;33.73;35.41;39.98;41.48;41.4;39.77;37.79;37.9;37.92;39.39;46.78;55.78;50.44;42.18;36.71;34.96;29
24.93;18.01;12.91;8.01;11.24;14.93;16.93;23.73;28.43;31.93;36.03;37.9;37.33;36.7;35.76;35.61;37.9;46.34;53.61;52.63;47.73;40.46;38.36;34.68
31.07;27.21;24.15;23.95;21.27;32.96;44.86;65.32;61.9;58.86;60.19;59.44;55;55;53.34;53;57.89;67.28;90.46;71.64;58.54;47.85;40.1;32.77
32.5;30.18;28.4;28;28.78;33.06;47.63;55.41;63.7;61.7;59.43;57.93;54;51.68;50.07;51;53.18;61.18;59.05;49.24;42.11;29.93;27.36;18.57
5.78;0.02;3.65;3.35;3.65;15.05;30.93;45.8;48.93;47.93;46.93;48.71;48.53;44;42.43;43.06;48.93;57.27;56.17;46.15;41.22;37.75;33.66;26.39
19.69;14.8;9.99;10;13.93;25.51;41.55;54.02;49.43;44.91;39;39;39;40;43.62;49;56;65.4;64.93;59.16;48.93;43.93;40.2;34.93
31.87;29.17;28.43;27.93;27.95;36.18;49.46;62.18;63;62.5;57.84;56;52.32;50.4;50;50;55;64.93;72.95;64;55.2;42.68;38.62;35.5
34.68;33.01;28.94;27.75;26.3;29.36;32.5;34.16;41.23;43.66;44.68;46;45.18;42.02;41.61;42.01;44.93;51.36;58.68;53.68;40.17;36.78;35.61;31.45
30.67;26.74;23.95;21.73;20.69;20.27;20.1;20.79;26.85;33.47;35.93;37.3;38.61;36.8;35.65;36.09;37.5;45.18;50.16;48.69;41.25;37.66;36.86;32.63
33.18;29.93;25.67;23.93;23.93;35.26;44.2;59.43;58.9;59.18;57.12;57.49;56.28;55.66;55.13;56.25;60.13;67.1;74.87;61.91;56.29;48.18;41.07;34.47
33.18;29.93;25.67;23.93;23.93;35.26;44.2;59.43;58.9;59.18;57.12;57.49;56.28;55.66;55.13;56.25;60.13;67.1;74.87;61.91;56.29;48.18;41.07;34.47
35.68;35.14;34.75;33.63;34.75;37.54;49.85;63;63.08;62.28;56.75;55.88;53.67;54.9;55.9;57.43;60.27;72.8;86.4;65.88;57.19;52.43;46.46;40.9
36.67;35.06;34.68;33.56;33.06;36.06;51.18;61.25;62.73;59.9;55.44;54.41;51.06;52.05;55.15;57.13;63.12;75.54;95.66;73.86;61.43;54.63;46.9;38.94
40.59;37.72;36.21;35;35;39;52.93;65.11;69.65;65.34;62.99;61.11;55.57;54.91;55;55.39;55.57;68.59;77.74;62.09;55;49.7;43.74;35.54
38.68;37.68;35.18;33.27;31.73;31.99;33.33;36.68;36.95;40.7;40.43;41.33;39.1;36.77;35.13;34.86;39.43;50.93;59.39;54.93;48.84;42.54;42.98;37.18
33.01;28.96;26.21;25.1;23.7;23.73;26.9;31.78;28.61;33.66;37.37;39.26;39.12;36;34.17;33;38.54;48.39;56.89;55.9;49.79;43.62;46.03;36.29
31.93;29.22;27.93;26.93;27.93;33.07;49.94;65;64.99;64.48;62.8;59.65;56.88;59.02;56.12;57.48;58.71;70.43;88.01;66.47;60.18;53.89;50.77;39.34
36.43;36.26;34.31;33.71;33.44;38.01;49.99;63.8;65.04;64.25;63.43;61.57;59.97;59.44;59.35;59.54;62.23;74;80.01;66.39;59.29;53.41;48.27;39.55
36.85;35.8;33.75;32.21;33.22;35.8;48.3;61.2;62.25;61.72;59.62;57.58;54.7;55.29;55.88;55.65;58.95;68;67.93;61.07;54.65;46.93;42.83;36.25
34.93;33.03;30.93;28.65;28.81;34.16;43.73;57.18;59.7;59.99;59.79;59.58;57.47;57.53;58.72;58.11;60.11;68.63;68.99;60.48;55.31;49.01;44;36.66
33.05;30.6;28.43;26.82;26.52;30.73;38.93;53.29;55.7;56.24;56.1;56.1;53.64;53.4;52.53;50.57;55.7;66.43;66.93;62.52;54.9;45.39;41.8;36.51
37.3;35.88;33.68;32.68;31.18;32.34;35.1;40.93;44.35;49.32;49.83;50;48.2;44.43;41.33;40.5;46.74;54.96;59.18;52.94;40.93;35.18;34.26;29.63
24.92;19.21;14.67;11.22;9.51;7.5;2;7.43;16.15;23.99;25.6;28.54;27.41;24.28;22.2;22.72;28.11;40.02;47.7;49.24;42.69;35.81;37.19;31.84
24.99;17.77;17.16;12.93;18.64;29.99;43;62.44;58.9;58.9;60;60.01;59;57.08;57.94;56.94;58.59;64.53;64.99;57.84;59.59;49.43;43.03;36.94
36.81;34.43;32.53;30.34;30.27;34.25;47.51;60.5;61.9;61.48;61.99;63.58;62.72;62.65;62.07;62.25;65.56;72.26;72.84;66.46;61.5;55.93;51.3;41.27
38.9;39.78;38.06;36.06;36.3;39.16;50.2;67.3;67.62;68.81;69.78;69.46;67.5;66.31;63.85;63.07;60.93;69.28;69.98;63.18;59.01;48.5;45.04;38.44
33.06;32.18;30.01;27.94;28.43;32.89;42.3;56.81;58.9;57.5;58.06;58.93;57.38;56.01;56.01;56.04;59.1;65.49;64.97;60.95;54.37;45.28;40;36.3
38.03;37.49;36.49;34.1;36.19;40.68;55.67;68.68;70.8;69.39;69.38;68.29;67.01;65.7;64.79;63.7;65.37;76.89;80;69.73;63.89;56.2;55.9;45.01
42.3;40.39;38.49;35.72;34.89;34.74;37.5;42.7;48.07;52.9;53.48;51.7;52.47;48.9;45.7;47.49;55.81;64.06;66.52;58.9;48.65;43.09;43.4;37.8
38.16;35.93;33.49;32.83;31.12;31.9;31;32.6;34.87;41.12;42.3;45.68;46.68;42.4;39.85;39.5;43.13;56.88;61.41;61;55.79;47.82;49.99;40.86
38.27;35.81;35.23;34.06;33.79;37.39;54.61;71.1;68.11;68.1;69.87;69.91;66.84;65;63.36;62.29;64.46;72.85;72.81;65.02;60.37;53.65;47.79;38.08
33.38;31.24;29.24;28.98;30.53;33.13;42.3;55.65;58.51;57.43;56.9;56.9;55.73;56.5;55.34;55.3;59.64;67.95;67.02;58.36;54.04;45.52;41.02;34.68
36.49;35.46;34.15;30.93;32.19;37.6;49;63.75;66.79;66.2;65.03;64.19;62.59;62;60.82;61.44;64.2;76.79;71.99;65.18;56.2;48.77;43.43;37.14
36.18;33.76;32.18;30.18;31.49;36.43;47.5;64.25;63.64;61.69;61.73;62;61.43;60.78;60.75;60.94;66.5;87.8;79.47;65.23;59.84;54.63;49.75;39.76
38.68;37.43;35.22;34.57;33.21;36.92;45.59;59.45;58.35;57.7;59.6;62.41;61.71;60.86;60.87;60.48;63.44;77.88;70;62.69;57.75;51.37;48.2;37.68
40.68;39;38.01;36.68;35.82;36.18;38.43;42.48;46.43;55.43;56;58.15;55.2;50.18;48.93;52.55;58.93;71.68;69;60.99;52.93;43.41;43.41;39.25
35.7;35.69;33.68;29.84;28.02;27.57;19.63;23.32;30.17;33.59;35.38;36.34;35.69;33.93;30.43;32.93;35.7;43.43;49.43;45.45;37.29;35.07;35.41;26.43
24.86;21.95;19.93;20.18;22.05;30.56;42.67;61.95;63.14;63.72;64.21;66.37;64.79;64.2;62.79;61.9;64.99;80.61;71.9;63.31;61.01;53.79;47.1;38.1
37.11;36.78;35.43;36.25;36.05;38.72;52.44;67.81;70.83;70.42;70.06;69.26;68.08;68.5;68.23;67.88;71.89;90.52;93.59;80;71.03;60.72;50.98;39.99
43.1;42.31;41.51;40.38;41.24;43.49;59.93;80;82.71;78.45;75.94;77.61;70.93;70.43;70.93;77;95.11;125.65;106.45;87.18;71.86;66.93;60.12;46.86
42.98;42.06;39.7;40.1;41.14;44.21;58.96;80.92;95.53;86.68;79.56;77.9;72.61;70.56;70.3;72.52;83.88;112.7;110.72;74.99;61.62;55.07;49.3;38.01
37.02;36.01;35.97;34.7;34.7;38.9;48.94;61.93;66.19;65.22;63.55;63.42;59.68;55.51;53.18;51.87;54.43;61.93;56.43;49.43;41.93;34.81;33.5;22.8
25.93;21.93;21.6;21.92;21.43;24.43;28.43;31.41;35.03;43;47.67;48.43;49.01;44.93;41.03;42.43;49.43;58.35;58.93;52.09;46.43;37.65;37.03;35.43
31.4;29.54;25.36;23.11;23.22;22.36;22.16;26.97;31.1;32.9;35.59;42.2;40.91;35.28;34.86;34.59;41.99;55.83;58.16;56.42;49.25;42.65;41.66;32.51
31.1;29.35;25.93;22.9;23.93;29.93;45.36;61.85;63.18;63.76;63.18;62.83;62.18;60.31;58.74;58.18;60;71.61;68.43;62.67;61.78;52.93;43;34.9
35.69;33.58;32.96;33.05;34.14;34.89;44.96;60.95;65.51;64.01;63.39;63.68;60.9;61.48;59.9;61.44;66.14;71.91;69.47;65.25;60.91;52.37;49.64;37.73
36.7;36.2;35.54;35.31;34.85;37.38;48.73;65.4;64.08;63;63.43;63.26;61.82;60.96;60;62.19;64.43;72.24;71.2;65;60.83;55.29;46.88;38.45
34.41;32.65;32;31.6;31.29;34.3;40.03;58;58.68;57.45;55.9;55;52.94;52.2;50.2;49.68;52.43;60.09;56.1;49.18;44.74;38.41;36.35;29.5
29.01;26.43;23.88;21.61;21.43;27.63;34.88;51.62;53.19;53.92;55.13;56.18;54.93;51.93;48.93;48.43;52.86;58.17;56.14;52.18;47.38;41.98;37.97;36.68
33.93;28.04;25.4;22.57;19.88;21.02;23.4;30.42;32.3;36.52;37.16;37.6;37.09;34.07;32.78;32.12;37.5;43.01;43.08;39.4;33.6;30;29.8;21.44
22.02;12.32;9.8;3.8;1.58;0.01;0.01;2.7;7.04;20.66;24.21;26.84;26.78;23.48;23.08;23.12;26.76;37.63;36.61;39.01;33.56;29.57;30.01;25.5
7;7;4.99;0.01;0.1;1.35;9.39;14;20.04;25.93;27.93;29.93;28.79;25.92;23.14;22.92;28.89;37.31;34.77;31.47;34.68;29.93;29;23.43
0.01;0.01;0.01;0.01;0.01;0.01;0.01;0.01;12;5.93;12.43;25;21;15;13;15;19.49;31;32;32.02;31.73;31.02;31.93;22
5;0.1;0.01;0.01;0.01;0.01;0.01;0.01;6.49;10.52;18.53;24;22.27;19.99;13.85;16;21.32;34.11;35.53;36.6;41;37.43;34.43;24.93
19.32;11.62;0.01;0.01;0.01;9.75;27;37.93;34.4;38.3;41.88;43.06;40.9;37.94;35.72;35.47;37.65;46.6;48.18;39.95;41.49;38.1;36.91;29.93
24.3;16.93;18.93;13.7;13.8;19.82;27.93;36.93;38.93;41.93;41.93;41.93;40.03;38.98;35.5;35.1;36.93;45.93;42.93;33.93;30.93;25.93;23.43;11.43
11.4;4.1;1.31;0.01;0.01;3.93;8.53;15.65;21.43;26.01;29.06;29.09;27.93;25.51;21.01;18.81;28.93;35.96;32.01;29.51;20.83;14.97;15.2;4.93
0.01;0.01;0.01;0.01;0.01;0.01;0.01;0.01;0.01;0.01;10.42;6.35;10.17;5.25;0.01;5.25;15;19.7;24.9;23;1.52;0.01;0.01;0.01
0.01;0.01;0.01;0.01;0.01;0.01;0.01;0.01;0.01;1.6;20.02;20.16;20.23;14.3;12.29;10.82;14.07;18.07;24.97;23.5;12.5;1.61;0.01;0.01
1.39;0.01;0.01;0.01;0.01;0.01;0.01;0.01;0.01;8.07;13.07;16.07;16.07;16;14.7;15.76;20.93;31.93;35.34;30.07;30.3;20.07;22.18;17.09
10.43;1.93;0.01;0.01;0.01;12.51;24.43;34.43;35;36.43;37.43;39.14;38.43;37.43;38.93;40.93;45.43;53.43;53.42;50;41.43;38.22;34.43;27.43
